PassengerId	Survived	Pclass	Age	SibSp	Parch	Fare	Embarked
1	0	3	0.740762748	1	0	0.014151058	0
2	1	1	1.279499292	1	0	0.139135735	1
3	1	3	0.875446884	0	0	0.01546857	0
4	1	1	1.17848619	1	0	0.103644297	0
5	0	3	1.17848619	0	0	0.015712554	0
6	0	3	0	0	0	0.016509502	2
7	0	1	1.818235836	0	0	0.101228858	0
8	0	3	0.067342068	3	1	0.04113566	0
9	1	3	0.909117918	0	2	0.021730754	0
10	1	2	0.471394476	1	0	0.058694293	1
11	1	3	0.134684136	1	1	0.032596229	0
12	1	1	1.952919972	0	0	0.051822149	0
13	0	3	0.67342068	0	0	0.015712554	0
14	0	3	1.313170326	1	5	0.061044735	0
15	0	3	0.471394476	0	0	0.015330377	0
16	1	2	1.85190687	0	0	0.03122992	0
17	0	3	0.067342068	4	1	0.056848214	2
18	1	2	0	0	0	0.02537431	0
19	0	3	1.043802054	1	0	0.03513366	0
20	1	3	0	0	0	0.014102261	1
21	0	2	1.17848619	0	0	0.05074862	0
22	1	2	1.144815156	0	0	0.02537431	0
23	1	3	0.50506551	0	0	0.015671955	2
24	1	1	0.942788952	0	0	0.069291385	0
25	0	3	0.269368272	3	1	0.04113566	0
26	1	3	1.279499292	1	5	0.06126432	0
27	0	3	0	0	0	0.014102261	1
28	0	1	0.639749646	3	2	0.513341812	0
29	1	3	0	0	0	0.015379174	2
30	0	3	0	0	0	0.015411575	0
31	0	1	1.34684136	0	0	0.054107398	1
32	1	1	0	1	0	0.285989555	1
33	1	3	0	0	0	0.015126993	2
34	0	2	2.222288244	0	0	0.020494635	0
35	0	1	0.942788952	1	0	0.16038672	1
36	0	1	1.414183428	1	0	0.10149724	0
37	1	3	0	0	0	0.014110459	1
38	0	3	0.707091714	0	0	0.015712554	0
39	0	3	0.606078612	2	0	0.03513366	0
40	1	3	0.471394476	1	0	0.021942337	1
41	0	3	1.34684136	1	0	0.018493968	0
42	0	2	0.909117918	1	0	0.04098927	0
43	0	3	0	0	0	0.015411575	1
44	1	2	0.101013102	1	2	0.081157193	1
45	1	3	0.639749646	0	0	0.015379174	2
46	0	3	0	0	0	0.015712554	0
47	0	3	0	1	0	0.030253985	2
48	1	3	0	0	0	0.015126993	2
49	0	3	0	2	0	0.04231498	1
50	0	3	0.606078612	1	0	0.034743286	0
51	0	3	0.235697238	4	1	0.077464841	0
52	0	3	0.707091714	0	0	0.015224586	0
53	1	1	1.649880666	1	0	0.149765424	1
54	1	2	0.976459986	1	0	0.05074862	0
55	0	1	2.18861721	0	1	0.120975342	1
56	1	1	0	0	0	0.069291385	0
57	1	2	0.707091714	0	0	0.020494635	0
58	0	3	0.959624469	0	0	0.014110459	1
59	1	2	0.16835517	1	2	0.054164393	0
60	0	3	0.370381374	5	2	0.091542703	0
61	0	3	0.740762748	0	0	0.014110459	1
62	1	1	1.279499292	0	0	0.156149601	0
63	0	1	1.51519653	1	0	0.162932349	0
64	0	3	0.134684136	3	2	0.054457173	0
65	0	1	0	0	0	0.054107398	1
66	1	3	0	1	1	0.02975782	1
67	1	2	0.976459986	0	0	0.020494635	0
68	0	3	0.639749646	0	0	0.015923941	0
69	1	3	0.572407578	4	2	0.01546857	0
70	0	3	0.875446884	2	0	0.016908074	0
71	0	2	1.077473088	0	0	0.020494635	0
72	0	3	0.538736544	5	2	0.091542703	0
73	0	2	0.707091714	0	0	0.143462446	0
74	0	3	0.875446884	1	0	0.028212719	1
75	1	3	1.077473088	0	0	0.110272458	0
76	0	3	0.84177585	0	0	0.014931806	0
77	0	3	0	0	0	0.015411575	0
78	0	3	0	0	0	0.015712554	0
79	1	2	0.027946958	0	2	0.05660423	0
80	1	3	1.01013102	0	0	0.024349578	0
81	0	3	0.740762748	0	0	0.01756683	0
82	1	3	0.976459986	0	0	0.018542765	0
83	1	3	0	0	0	0.015200188	2
84	0	1	0.942788952	0	0	0.091933077	0
85	1	2	0.572407578	0	0	0.020494635	0
86	1	3	1.111144122	3	0	0.03093714	0
87	0	3	0.538736544	1	3	0.067095532	0
88	0	3	0	0	0	0.015712554	0
89	1	1	0.774433782	3	2	0.513341812	0
90	0	3	0.808104816	0	0	0.015712554	0
91	0	3	0.976459986	0	0	0.015712554	0
92	0	3	0.67342068	0	0	0.015330377	0
93	0	1	1.548867564	1	0	0.119405648	0
94	0	3	0.875446884	1	2	0.040159725	0
95	0	3	1.986591006	0	0	0.014151058	0
96	0	3	0	0	0	0.015712554	0
97	0	1	2.390643414	0	0	0.067640494	1
98	1	1	0.774433782	0	1	0.123667166	1
99	1	2	1.144815156	0	1	0.04489301	0
100	0	2	1.144815156	1	0	0.05074862	0
101	0	3	0.942788952	0	0	0.015411575	0
102	0	3	0	0	0	0.015411575	0
103	0	1	0.707091714	0	1	0.150855153	0
104	0	3	1.111144122	0	0	0.016891873	0
105	0	3	1.245828258	2	0	0.01546857	0
106	0	3	0.942788952	0	0	0.015411575	0
107	1	3	0.707091714	0	0	0.014931806	0
108	1	3	0	0	0	0.015175789	0
109	0	3	1.279499292	0	0	0.015411575	0
110	1	3	0	1	0	0.047137661	2
111	0	1	1.582538598	0	0	0.10149724	0
112	0	3	0.488229993	1	0	0.028212719	1
113	0	3	0.740762748	0	0	0.015712554	0
114	0	3	0.67342068	1	0	0.019177123	0
115	0	3	0.572407578	0	0	0.028220722	1
116	0	3	0.707091714	0	0	0.01546857	0
117	0	3	2.373807897	0	0	0.015126993	2
118	0	2	0.976459986	1	0	0.04098927	0
119	0	1	0.808104816	0	1	0.483128426	1
120	0	3	0.067342068	4	2	0.061044735	0
121	0	2	0.707091714	2	0	0.143462446	0
122	0	3	0	0	0	0.015712554	0
123	0	2	1.094308605	1	0	0.058694293	1
124	1	2	1.094308605	0	0	0.02537431	0
125	0	1	1.818235836	0	1	0.150855153	0
126	1	3	0.404052408	1	0	0.021942337	1
127	0	3	0	0	0	0.015126993	2
128	1	3	0.808104816	0	0	0.01393967	0
129	1	3	0	1	1	0.043640495	1
130	0	3	1.51519653	0	0	0.013614293	0
131	0	3	1.111144122	0	0	0.015411575	1
132	0	3	0.67342068	0	0	0.013760684	0
133	0	3	1.582538598	1	0	0.028302115	0
134	1	2	0.976459986	1	0	0.05074862	0
135	0	2	0.84177585	0	0	0.02537431	0
136	0	2	0.774433782	0	0	0.029367446	1
137	1	1	0.639749646	0	2	0.051301585	0
138	0	1	1.245828258	1	0	0.103644297	0
139	0	3	0.538736544	0	0	0.0179898	0
140	0	1	0.808104816	0	0	0.154588105	1
141	0	3	0	0	2	0.02975782	1
142	1	3	0.740762748	0	0	0.015126993	0
143	1	3	0.808104816	1	0	0.03093714	0
144	0	3	0.639749646	0	0	0.013175123	2
145	0	2	0.606078612	0	0	0.022446505	0
146	0	2	0.639749646	1	1	0.071731223	0
147	1	3	0.909117918	0	0	0.015216388	0
148	0	3	0.303039306	2	2	0.067095532	0
149	0	2	1.228992741	0	2	0.05074862	0
150	0	2	1.414183428	0	0	0.02537431	0
151	0	2	1.717222734	0	0	0.024447172	0
152	1	1	0.740762748	1	0	0.129994543	0
153	0	3	1.868742387	0	0	0.015712554	0
154	0	3	1.363676877	0	2	0.028302115	0
155	0	3	0	0	0	0.014273049	0
156	0	1	1.717222734	0	1	0.11980422	1
157	1	3	0.538736544	0	0	0.015094396	2
158	0	3	1.01013102	0	0	0.015712554	0
159	0	3	0	0	0	0.016908074	0
160	0	3	0	8	2	0.135752559	0
161	0	3	1.481525496	0	1	0.031425107	0
162	1	2	1.34684136	0	0	0.030741953	0
163	0	3	0.875446884	0	0	0.015175789	0
164	0	3	0.572407578	0	0	0.016908074	0
165	0	3	0.033671034	4	1	0.077464841	0
166	1	3	0.303039306	0	2	0.040062132	0
167	1	1	0	0	1	0.10735285	0
168	0	3	1.51519653	1	4	0.054457173	0
169	0	1	0	0	0	0.05060223	0
170	0	3	0.942788952	0	0	0.110272458	0
171	0	1	2.053933074	0	0	0.065387645	0
172	0	3	0.134684136	4	1	0.056848214	2
173	1	3	0.033671034	1	1	0.021730754	0
174	0	3	0.707091714	0	0	0.01546857	0
175	0	1	1.885577904	0	0	0.059914211	1
176	0	3	0.606078612	1	1	0.015330377	0
177	0	3	0	3	1	0.049707688	0
178	0	1	1.6835517	0	0	0.056043068	1
179	0	2	1.01013102	0	0	0.02537431	0
180	0	3	1.212157224	0	0	0	0
181	0	3	0	8	2	0.135752559	0
182	0	2	0	0	0	0.029375644	1
183	0	3	0.303039306	4	2	0.06126432	0
184	1	2	0.033671034	2	1	0.07612293	0
185	1	3	0.134684136	0	2	0.042989937	0
186	0	1	0	0	0	0.0975935	0
187	1	3	0	1	0	0.030253985	2
188	1	1	1.51519653	0	0	0.051822149	0
189	0	3	1.34684136	1	1	0.030253985	2
190	0	3	1.212157224	0	0	0.015411575	0
191	1	2	1.077473088	0	0	0.02537431	0
192	0	2	0.639749646	0	0	0.02537431	0
193	1	3	0.639749646	1	0	0.015330377	0
194	1	2	0.101013102	1	1	0.05074862	0
195	1	1	1.481525496	0	0	0.054107398	1
196	1	1	1.952919972	0	0	0.285989555	1
197	0	3	0	0	0	0.015126993	2
198	0	3	1.414183428	0	1	0.016403906	0
199	1	3	0	0	0	0.015126993	2
200	0	2	0.808104816	0	0	0.02537431	0
201	0	3	0.942788952	0	0	0.018542765	0
202	0	3	0	8	2	0.135752559	0
203	0	3	1.144815156	0	0	0.012678957	0
204	0	3	1.532032047	0	0	0.014102261	1
205	1	3	0.606078612	0	0	0.015712554	0
206	0	3	0.067342068	0	1	0.02042144	0
207	0	3	1.077473088	1	0	0.03093714	0
208	1	3	0.875446884	0	0	0.036670758	1
209	1	3	0.538736544	0	0	0.015126993	2
210	1	1	1.34684136	0	0	0.06050797	1
211	0	3	0.808104816	0	0	0.013760684	0
212	1	2	1.17848619	0	0	0.04098927	0
213	0	3	0.740762748	0	0	0.014151058	0
214	0	2	1.01013102	0	0	0.02537431	0
215	0	3	0	1	0	0.015126993	2
216	1	1	1.043802054	1	0	0.221098075	1
217	1	3	0.909117918	0	0	0.01546857	0
218	0	2	1.414183428	1	0	0.05270049	0
219	1	1	1.077473088	0	0	0.148911481	1
220	0	2	1.01013102	0	0	0.020494635	0
221	1	3	0.538736544	0	0	0.015712554	0
222	0	2	0.909117918	0	0	0.02537431	0
223	0	3	1.717222734	0	0	0.015712554	0
224	0	3	0	0	0	0.015411575	0
225	1	1	1.279499292	1	0	0.175668301	0
226	0	3	0.740762748	0	0	0.018249985	0
227	1	2	0.639749646	0	0	0.020494635	0
228	0	3	0.690256197	0	0	0.014151058	0
229	0	2	0.606078612	0	0	0.02537431	0
230	0	3	0	3	1	0.049707688	0
231	1	1	1.17848619	1	0	0.162932349	0
232	0	3	0.976459986	0	0	0.015175789	0
233	0	2	1.986591006	0	0	0.026350245	0
234	1	3	0.16835517	4	2	0.06126432	0
235	0	2	0.808104816	0	0	0.020494635	0
236	0	3	0	0	0	0.014736619	0
237	0	2	1.481525496	1	0	0.05074862	0
238	1	2	0.269368272	0	2	0.051236588	0
239	0	2	0.639749646	0	0	0.020494635	0
240	0	2	1.111144122	0	0	0.023959204	0
241	0	3	0	1	0	0.028212719	1
242	1	3	0	1	0	0.030253985	2
243	0	2	0.976459986	0	0	0.020494635	0
244	0	3	0.740762748	0	0	0.013907074	0
245	0	3	1.01013102	0	0	0.014102261	1
246	0	1	1.481525496	2	0	0.175668301	2
247	0	3	0.84177585	0	0	0.015175789	0
248	1	2	0.808104816	0	2	0.028302115	0
249	1	1	1.245828258	1	1	0.102578967	0
250	0	2	1.818235836	1	0	0.05074862	0
251	0	3	0	0	0	0.014151058	0
252	0	3	0.976459986	1	1	0.02042144	0
253	0	1	2.087604108	0	0	0.051822149	0
254	0	3	1.01013102	1	0	0.031425107	0
255	0	3	1.380512394	0	2	0.039452173	0
256	1	3	0.976459986	0	2	0.02975782	1
257	1	1	0	0	0	0.154588105	1
258	1	1	1.01013102	0	0	0.168836756	0
259	1	1	1.17848619	0	0	1	1
260	1	2	1.6835517	0	1	0.05074862	0
261	0	3	0	0	0	0.015126993	2
262	1	3	0.101013102	4	2	0.06126432	0
263	0	1	1.750893768	1	1	0.155466446	0
264	0	1	1.34684136	0	0	0	0
265	0	3	0	0	0	0.015126993	2
266	0	2	1.212157224	0	0	0.020494635	0
267	0	3	0.538736544	4	1	0.077464841	0
268	1	3	0.84177585	1	0	0.015175789	0
269	1	1	1.952919972	0	1	0.299538851	0
270	1	1	1.17848619	0	0	0.26473857	0
271	0	1	0	0	0	0.06050797	0
272	1	3	0.84177585	0	0	0	0
273	1	2	1.380512394	0	1	0.038061465	0
274	0	1	1.245828258	0	1	0.057970539	1
275	1	3	0	0	0	0.015126993	2
276	1	1	2.121275142	1	0	0.152164468	0
277	0	3	1.51519653	0	0	0.015126993	0
278	0	2	0	0	0	0	0
279	0	3	0.235697238	4	1	0.056848214	2
280	1	3	1.17848619	1	1	0.039525368	0
281	0	3	2.18861721	0	0	0.015126993	2
282	0	3	0.942788952	0	0	0.015330377	0
283	0	3	0.538736544	0	0	0.018542765	0
284	1	3	0.639749646	0	0	0.015712554	0
285	0	1	0	0	0	0.05074862	0
286	0	3	1.111144122	0	0	0.016908074	1
287	1	3	1.01013102	0	0	0.018542765	0
288	0	3	0.740762748	0	0	0.015411575	0
289	1	2	1.414183428	0	0	0.02537431	0
290	1	3	0.740762748	0	0	0.015126993	2
291	1	1	0.875446884	0	0	0.15390495	0
292	1	1	0.639749646	1	0	0.177774759	1
293	0	2	1.212157224	0	0	0.025130326	1
294	0	3	0.808104816	0	0	0.01727405	0
295	0	3	0.808104816	0	0	0.015411575	0
296	0	1	0	0	0	0.054107398	1
297	0	3	0.791269299	0	0	0.014110459	1
298	0	1	0.067342068	1	2	0.2958059	0
299	1	1	0	0	0	0.059532035	0
300	1	1	1.6835517	0	1	0.483128426	1
301	1	3	0	0	0	0.015126993	2
302	1	3	0	2	0	0.045380978	2
303	0	3	0.639749646	0	0	0	0
304	1	2	0	0	0	0.024105595	2
305	0	3	0	0	0	0.015712554	0
306	1	1	0.030977351	1	2	0.2958059	0
307	1	1	0	0	0	0.216429788	1
308	1	1	0.572407578	1	0	0.212558644	1
309	0	2	1.01013102	1	0	0.04684488	1
310	1	1	1.01013102	0	0	0.111118398	1
311	1	1	0.808104816	0	0	0.162314192	1
312	1	1	0.606078612	2	2	0.512121894	1
313	0	2	0.875446884	1	1	0.05074862	0
314	0	3	0.942788952	0	0	0.015411575	0
315	0	2	1.447854462	1	1	0.051236588	0
316	1	3	0.875446884	0	0	0.015330377	0
317	1	2	0.808104816	1	0	0.05074862	0
318	0	2	1.818235836	0	0	0.02732618	0
319	1	1	1.043802054	0	2	0.321798367	0
320	1	1	1.34684136	1	1	0.262526516	1
321	0	3	0.740762748	0	0	0.014151058	0
322	0	3	0.909117918	0	0	0.015411575	0
323	1	2	1.01013102	0	0	0.024105595	2
324	1	2	0.740762748	1	1	0.05660423	0
325	0	3	0	8	2	0.135752559	0
326	1	1	1.212157224	0	0	0.26473857	1
327	0	3	2.053933074	0	0	0.012174789	0
328	1	2	1.212157224	0	0	0.02537431	0
329	1	3	1.043802054	1	1	0.040062132	0
330	1	1	0.538736544	0	1	0.113167862	1
331	1	3	0	2	0	0.045380978	2
332	0	1	1.532032047	0	0	0.055628295	0
333	0	1	1.279499292	0	1	0.299538851	0
334	0	3	0.538736544	2	0	0.03513366	0
335	1	1	0	1	0	0.260867427	0
336	0	3	0	0	0	0.015411575	0
337	0	1	0.976459986	1	0	0.129994543	0
338	1	1	1.380512394	0	0	0.262526516	1
339	1	3	1.51519653	0	0	0.015712554	0
340	0	1	1.51519653	0	0	0.069291385	0
341	1	2	0.067342068	1	1	0.05074862	0
342	1	1	0.808104816	3	2	0.513341812	0
343	0	2	0.942788952	0	0	0.02537431	0
344	0	2	0.84177585	0	0	0.02537431	0
345	0	2	1.212157224	0	0	0.02537431	0
346	1	2	0.808104816	0	0	0.02537431	0
347	1	2	1.34684136	0	0	0.02537431	0
348	1	3	0	1	0	0.031425107	0
349	1	3	0.101013102	1	1	0.031034733	0
350	0	3	1.414183428	0	0	0.016908074	0
351	0	3	0.774433782	0	0	0.018006001	0
352	0	1	0	0	0	0.06831545	0
353	0	3	0.50506551	1	1	0.014110459	1
354	0	3	0.84177585	1	0	0.034743286	0
355	0	3	0	0	0	0.014102261	1
356	0	3	0.942788952	0	0	0.018542765	0
357	1	1	0.740762748	0	1	0.10735285	0
358	0	2	1.279499292	0	0	0.02537431	0
359	1	3	0	0	0	0.015379174	2
360	1	3	0	0	0	0.015379174	2
361	0	3	1.34684136	1	4	0.054457173	0
362	0	2	0.976459986	1	0	0.054107398	1
363	0	3	1.51519653	0	1	0.028212719	1
364	0	3	1.17848619	0	0	0.013760684	0
365	0	3	0	1	0	0.030253985	2
366	0	3	1.01013102	0	0	0.014151058	0
367	1	1	2.02026204	1	0	0.146878218	1
368	1	3	0	0	0	0.014110459	1
369	1	3	0	0	0	0.015126993	2
370	1	1	0.808104816	0	0	0.135264592	1
371	1	1	0.84177585	1	0	0.108214991	1
372	0	3	0.606078612	1	0	0.012678957	0
373	0	3	0.639749646	0	0	0.015712554	0
374	0	1	0.740762748	0	0	0.26473857	1
375	0	3	0.101013102	3	1	0.04113566	0
376	1	1	0	1	0	0.16038672	1
377	1	3	0.740762748	0	0	0.014151058	0
378	0	1	0.909117918	0	2	0.412820507	1
379	0	3	0.67342068	0	0	0.007831878	1
380	0	3	0.639749646	0	0	0.015175789	0
381	1	1	1.414183428	0	0	0.444099224	1
382	1	3	0.033671034	0	2	0.030725752	1
383	0	3	1.077473088	0	0	0.01546857	0
384	1	1	1.17848619	1	0	0.10149724	0
385	0	3	0	0	0	0.015411575	0
386	0	2	0.606078612	0	0	0.143462446	0
387	0	3	0.033671034	5	2	0.091542703	0
388	1	2	1.212157224	0	0	0.02537431	0
389	0	3	0	0	0	0.015086394	2
390	1	2	0.572407578	0	0	0.02342244	1
391	1	1	1.212157224	1	2	0.234224401	0
392	1	3	0.707091714	0	0	0.015216388	0
393	0	3	0.942788952	2	0	0.01546857	0
394	1	1	0.774433782	1	0	0.221098075	1
395	1	3	0.808104816	0	2	0.032596229	0
396	0	3	0.740762748	0	0	0.015216388	0
397	0	3	1.043802054	0	0	0.015330377	0
398	0	2	1.548867564	0	0	0.05074862	0
399	0	2	0.774433782	0	0	0.020494635	0
400	1	2	0.942788952	0	0	0.024691156	0
401	1	3	1.313170326	0	0	0.01546857	0
402	0	3	0.875446884	0	0	0.015712554	0
403	0	3	0.707091714	1	0	0.019177123	0
404	0	3	0.942788952	1	0	0.03093714	0
405	0	3	0.67342068	0	0	0.016908074	0
406	0	2	1.144815156	1	0	0.04098927	0
407	0	3	1.717222734	0	0	0.015126993	0
408	1	2	0.101013102	1	1	0.036597563	0
409	0	3	0.707091714	0	0	0.015175789	0
410	0	3	0	3	1	0.049707688	0
411	0	3	0	0	0	0.015411575	0
412	0	3	0	0	0	0.01338651	2
413	1	1	1.111144122	1	0	0.175668301	2
414	0	2	0	0	0	0	0
415	1	3	1.481525496	0	0	0.01546857	0
416	0	3	0	0	0	0.015712554	0
417	1	2	1.144815156	1	1	0.063435775	0
418	1	2	0.606078612	0	2	0.02537431	0
419	0	2	1.01013102	0	0	0.02537431	0
420	0	3	0.33671034	0	2	0.047137661	0
421	0	3	0	0	0	0.015411575	1
422	0	3	0.707091714	0	0	0.015094396	2
423	0	3	0.976459986	0	0	0.015370976	0
424	0	3	0.942788952	1	1	0.028106928	0
425	0	3	0.606078612	1	1	0.039452173	0
426	0	3	0	0	0	0.014151058	0
427	1	2	0.942788952	1	0	0.05074862	0
428	1	2	0.639749646	0	0	0.05074862	0
429	0	3	0	0	0	0.015126993	2
430	1	3	1.077473088	0	0	0.015712554	0
431	1	1	0.942788952	0	0	0.051822149	0
432	1	3	0	1	0	0.031425107	0
433	1	2	1.414183428	1	0	0.05074862	0
434	0	3	0.572407578	0	0	0.013907074	0
435	0	1	1.6835517	1	0	0.109109533	0
436	1	1	0.471394476	1	2	0.234224401	0
437	0	3	0.707091714	2	2	0.067095532	0
438	1	2	0.808104816	2	3	0.036597563	0
439	0	1	2.154946176	1	4	0.513341812	0
440	0	2	1.043802054	0	0	0.020494635	0
441	1	2	1.51519653	1	1	0.051236588	0
442	0	3	0.67342068	0	0	0.018542765	0
443	0	3	0.84177585	1	0	0.015175789	0
444	1	2	0.942788952	0	0	0.02537431	0
445	1	3	0	0	0	0.015834545	0
446	1	1	0.134684136	0	2	0.159776761	0
447	1	2	0.437723442	0	1	0.038061465	0
448	1	1	1.144815156	0	0	0.051822149	0
449	1	3	0.16835517	2	1	0.037589698	1
450	1	1	1.750893768	0	0	0.059532035	0
451	0	2	1.212157224	1	2	0.054164393	0
452	0	3	0	1	0	0.038972403	0
453	0	1	1.01013102	0	0	0.054164393	1
454	1	1	1.649880666	1	0	0.173919816	1
455	0	3	0	0	0	0.015712554	0
456	1	3	0.976459986	0	0	0.015411575	1
457	0	1	2.18861721	0	0	0.051822149	0
458	1	1	0	1	0	0.101228858	0
459	1	2	1.6835517	0	0	0.020494635	0
460	0	3	0	0	0	0.015126993	2
461	1	1	1.616209632	0	0	0.051822149	0
462	0	3	1.144815156	0	0	0.015712554	0
463	0	1	1.582538598	0	0	0.075146995	0
464	0	2	1.616209632	0	0	0.02537431	0
465	0	3	0	0	0	0.015712554	0
466	0	3	1.279499292	0	0	0.013760684	0
467	0	2	0	0	0	0	0
468	0	1	1.885577904	0	0	0.051822149	0
469	0	3	0	0	0	0.015078196	2
470	1	3	0.025253275	2	1	0.037589698	1
471	0	3	0	0	0	0.014151058	0
472	0	3	1.279499292	0	0	0.016908074	0
473	1	2	1.111144122	1	2	0.054164393	0
474	1	2	0.774433782	0	0	0.026919606	1
475	0	3	0.740762748	0	0	0.019201521	0
476	0	1	0	0	0	0.10149724	0
477	0	2	1.144815156	1	0	0.04098927	0
478	0	3	0.976459986	1	0	0.013752486	0
479	0	3	0.740762748	0	0	0.014679624	0
480	1	3	0.067342068	0	1	0.023983603	0
481	0	3	0.303039306	5	2	0.091542703	0
482	0	2	0	0	0	0	0
483	0	3	1.6835517	0	0	0.015712554	0
484	1	3	2.121275142	0	0	0.018713554	0
485	1	1	0.84177585	1	0	0.177774759	1
486	0	3	0	3	1	0.049707688	0
487	1	1	1.17848619	1	0	0.175668301	0
488	0	1	1.952919972	0	0	0.057970539	1
489	0	3	1.01013102	0	0	0.015712554	0
490	1	3	0.303039306	1	1	0.031034733	0
491	0	3	0	1	0	0.038972403	0
492	0	3	0.707091714	0	0	0.014151058	0
493	0	1	1.85190687	0	0	0.059532035	0
494	0	1	2.390643414	0	0	0.096625763	1
495	0	3	0.707091714	0	0	0.015712554	0
496	0	3	0	0	0	0.028220722	1
497	1	1	1.818235836	1	0	0.152766424	1
498	0	3	0	0	0	0.029473237	0
499	0	1	0.84177585	1	2	0.2958059	0
500	0	3	0.808104816	0	0	0.015216388	0
501	0	3	0.572407578	0	0	0.016908074	0
502	0	3	0.707091714	0	0	0.015126993	2
503	0	3	0	0	0	0.014891207	2
504	0	3	1.245828258	0	0	0.018713554	0
505	1	1	0.538736544	0	0	0.168836756	0
506	0	1	0.606078612	1	0	0.212558644	1
507	1	2	1.111144122	0	2	0.05074862	0
508	1	1	0	0	0	0.051822149	0
509	0	3	0.942788952	0	0	0.043965872	0
510	1	3	0.875446884	0	0	0.110272458	0
511	1	3	0.976459986	0	0	0.015126993	2
512	0	3	0	0	0	0.015712554	0
513	1	1	1.212157224	0	0	0.051309783	0
514	1	1	1.818235836	1	0	0.115941079	1
515	0	3	0.808104816	0	0	0.014630827	0
516	0	1	1.582538598	0	0	0.066404179	0
517	1	2	1.144815156	0	0	0.020494635	0
518	0	3	0	0	0	0.047137661	2
519	1	2	1.212157224	1	0	0.05074862	0
520	0	3	1.077473088	0	0	0.015411575	0
521	1	1	1.01013102	0	0	0.182499846	0
522	0	3	0.740762748	0	0	0.015411575	0
523	0	3	0	0	0	0.014102261	1
524	1	1	1.481525496	0	1	0.113167862	1
525	0	3	0	0	0	0.014110459	1
526	0	3	1.363676877	0	0	0.015126993	2
527	1	2	1.6835517	0	0	0.020494635	0
528	0	1	0	0	0	0.432884169	0
529	0	3	1.313170326	0	0	0.01546857	0
530	0	2	0.774433782	2	1	0.022446505	0
531	1	2	0.067342068	1	1	0.05074862	0
532	0	3	0	0	0	0.014110459	1
533	0	3	0.572407578	1	1	0.014110459	1
534	1	3	0	0	2	0.043640495	1
535	0	3	1.01013102	0	0	0.016908074	0
536	1	2	0.235697238	0	2	0.051236588	0
537	0	1	1.51519653	0	0	0.051822149	0
538	1	1	1.01013102	0	0	0.207727766	1
539	0	3	0	0	0	0.028302115	0
540	1	1	0.740762748	0	2	0.096617565	1
541	1	1	1.212157224	0	2	0.138582771	0
542	0	3	0.303039306	4	2	0.061044735	0
543	0	3	0.370381374	4	2	0.061044735	0
544	1	2	1.077473088	1	0	0.05074862	0
545	0	1	1.6835517	1	0	0.207727766	1
546	0	1	2.154946176	0	0	0.05074862	0
547	1	2	0.639749646	1	0	0.05074862	0
548	1	2	0	0	0	0.027057798	1
549	0	3	1.111144122	1	1	0.040062132	0
550	1	2	0.269368272	1	1	0.071731223	0
551	1	1	0.572407578	0	2	0.216429788	1
552	0	2	0.909117918	0	0	0.05074862	0
553	0	3	0	0	0	0.015281581	2
554	1	3	0.740762748	0	0	0.014102261	1
555	1	3	0.740762748	0	0	0.015175789	0
556	0	1	2.087604108	0	0	0.051822149	0
557	1	1	1.616209632	1	0	0.077294052	1
558	0	1	0	0	0	0.444099224	1
559	1	1	1.313170326	1	1	0.155466446	0
560	1	3	1.212157224	1	0	0.033962538	0
561	0	3	0	0	0	0.015126993	2
562	0	3	1.34684136	0	0	0.015411575	0
563	0	2	0.942788952	0	0	0.026350245	0
564	0	3	0	0	0	0.015712554	0
565	0	3	0	0	0	0.015712554	0
566	0	3	0.808104816	2	0	0.047137661	0
567	0	3	0.639749646	0	0	0.015411575	0
568	0	3	0.976459986	0	4	0.04113566	0
569	0	3	0	0	0	0.014110459	1
570	1	3	1.077473088	0	0	0.015330377	0
571	1	2	2.087604108	0	0	0.020494635	0
572	1	1	1.784564802	2	0	0.100480707	0
573	1	1	1.212157224	0	0	0.05150497	0
574	1	3	0	0	0	0.015126993	2
575	0	3	0.538736544	0	0	0.015712554	0
576	0	3	0.639749646	0	0	0.028302115	0
577	1	2	1.144815156	0	0	0.02537431	0
578	1	1	1.313170326	1	0	0.109109533	0
579	0	3	0	1	0	0.028220722	1
580	1	3	1.077473088	0	0	0.01546857	0
581	1	2	0.84177585	1	1	0.0585561	0
582	1	1	1.313170326	1	1	0.216429788	1
583	0	2	1.818235836	0	0	0.05074862	0
584	0	1	1.212157224	0	0	0.078318784	1
585	0	3	0	0	0	0.017005667	1
586	1	1	0.606078612	0	2	0.155466446	0
587	0	2	1.582538598	0	0	0.02927805	0
588	1	1	2.02026204	1	1	0.154588105	1
589	0	3	0.740762748	0	0	0.015712554	0
590	0	3	0	0	0	0.015712554	0
591	0	3	1.17848619	0	0	0.013907074	0
592	1	1	1.750893768	1	0	0.152766424	1
593	0	3	1.582538598	0	0	0.014151058	0
594	0	3	0	0	2	0.015126993	2
595	0	2	1.245828258	1	0	0.05074862	0
596	0	3	1.212157224	1	1	0.047137661	0
597	1	2	0	0	0	0.06441171	0
598	0	3	1.649880666	0	0	0	0
599	0	3	0	0	0	0.014102261	1
600	1	1	1.649880666	1	0	0.111118398	1
601	1	2	0.808104816	2	1	0.05270049	0
602	0	3	0	0	0	0.015411575	0
603	0	1	0	0	0	0.082759288	0
604	0	3	1.481525496	0	0	0.015712554	0
605	1	1	1.17848619	0	0	0.051822149	1
606	0	3	1.212157224	1	0	0.030351579	0
607	0	3	1.01013102	0	0	0.015411575	0
608	1	1	0.909117918	0	0	0.059532035	0
609	1	2	0.740762748	1	2	0.081157193	1
610	1	1	1.34684136	0	0	0.299538851	0
611	0	3	1.313170326	1	5	0.061044735	0
612	0	3	0	0	0	0.013760684	0
613	1	3	0	1	0	0.030253985	2
614	0	3	0	0	0	0.015126993	2
615	0	3	1.17848619	0	0	0.015712554	0
616	1	2	0.808104816	1	2	0.126871551	0
617	0	3	1.144815156	1	1	0.028106928	0
618	0	3	0.875446884	1	0	0.031425107	0
619	1	2	0.134684136	2	1	0.07612293	0
620	0	2	0.875446884	0	0	0.020494635	0
621	0	3	0.909117918	1	0	0.028212719	1
622	1	1	1.414183428	1	0	0.102578967	0
623	1	3	0.67342068	1	1	0.030725752	1
624	0	3	0.707091714	0	0	0.015330377	0
625	0	3	0.707091714	0	0	0.031425107	0
626	0	1	2.053933074	0	0	0.063086	0
627	0	2	1.919248938	0	0	0.024105595	2
628	1	1	0.707091714	0	0	0.152164468	0
629	0	3	0.875446884	0	0	0.015411575	0
630	0	3	0	0	0	0.015094396	2
631	1	1	2.69368272	0	0	0.0585561	0
632	0	3	1.717222734	0	0	0.013768881	0
633	1	1	1.077473088	0	0	0.059532035	1
634	0	1	0	0	0	0	0
635	0	3	0.303039306	3	2	0.054457173	0
636	1	2	0.942788952	0	0	0.02537431	0
637	0	3	1.077473088	0	0	0.01546857	0
638	0	2	1.043802054	1	1	0.051236588	0
639	0	3	1.380512394	0	5	0.077464841	0
640	0	3	0	1	0	0.031425107	0
641	0	3	0.67342068	0	0	0.015330377	0
642	1	1	0.808104816	0	0	0.135264592	1
643	0	3	0.067342068	3	2	0.054457173	0
644	1	3	0	0	0	0.110272458	0
645	1	3	0.025253275	2	1	0.037589698	1
646	1	1	1.616209632	1	0	0.149765424	1
647	0	3	0.639749646	0	0	0.015411575	0
648	1	1	1.885577904	0	0	0.069291385	1
649	0	3	0	0	0	0.014736619	0
650	1	3	0.774433782	0	0	0.014736619	0
651	0	3	0	0	0	0.015411575	0
652	1	2	0.606078612	0	1	0.04489301	0
653	0	3	0.707091714	0	0	0.016460705	0
654	1	3	0	0	0	0.015281581	2
655	0	3	0.606078612	0	0	0.013175123	2
656	0	2	0.808104816	2	0	0.143462446	0
657	0	3	0	0	0	0.015411575	0
658	0	3	1.077473088	1	1	0.030253985	2
659	0	2	0.774433782	0	0	0.02537431	0
660	0	1	1.952919972	0	2	0.221098075	1
661	1	1	1.6835517	2	0	0.260867427	0
662	0	3	1.34684136	0	0	0.014102261	1
663	0	1	1.582538598	0	0	0.049943474	0
664	0	3	1.212157224	0	0	0.014630827	0
665	1	3	0.67342068	1	0	0.01546857	0
666	0	2	1.077473088	2	0	0.143462446	0
667	0	2	0.84177585	0	0	0.02537431	0
668	0	3	0	0	0	0.015175789	0
669	0	3	1.447854462	0	0	0.015712554	0
670	1	1	0	1	0	0.10149724	0
671	1	2	1.34684136	1	1	0.07612293	0
672	0	1	1.043802054	1	0	0.10149724	0
673	0	2	2.35697238	0	0	0.020494635	0
674	1	2	1.043802054	0	0	0.02537431	0
675	0	2	0	0	0	0	0
676	0	3	0.606078612	0	0	0.015175789	0
677	0	3	0.824940333	0	0	0.015712554	0
678	1	3	0.606078612	0	0	0.019209719	0
679	0	3	1.447854462	1	6	0.091542703	0
680	1	1	1.212157224	0	1	1	1
681	0	3	0	0	0	0.015883342	2
682	1	1	0.909117918	0	0	0.149765424	1
683	0	3	0.67342068	0	0	0.018006001	0
684	0	3	0.471394476	5	2	0.091542703	0
685	0	2	2.02026204	1	1	0.07612293	0
686	0	2	0.84177585	1	2	0.081157193	1
687	0	3	0.471394476	4	1	0.077464841	0
688	0	3	0.639749646	0	0	0.019852079	0
689	0	3	0.606078612	0	0	0.015216388	0
690	1	1	0.50506551	0	1	0.412503328	0
691	1	1	1.043802054	1	0	0.11125659	0
692	1	3	0.134684136	0	1	0.026187654	1
693	1	3	0	0	0	0.110272458	0
694	0	3	0.84177585	0	0	0.014102261	1
695	0	1	2.02026204	0	0	0.051822149	0
696	0	2	1.750893768	0	0	0.026350245	0
697	0	3	1.481525496	0	0	0.015712554	0
698	1	3	0	0	0	0.015094396	2
699	0	1	1.649880666	1	1	0.216429788	1
700	0	3	1.414183428	0	0	0.014931806	0
701	1	1	0.606078612	1	0	0.444099224	1
702	1	1	1.17848619	0	0	0.051309783	0
703	0	3	0.606078612	0	1	0.028212719	1
704	0	3	0.84177585	0	0	0.015110792	2
705	0	3	0.875446884	1	0	0.015330377	0
706	0	2	1.313170326	0	0	0.05074862	0
707	1	2	1.51519653	0	0	0.026350245	0
708	1	1	1.414183428	0	0	0.051309783	0
709	1	1	0.740762748	0	0	0.2958059	0
710	1	3	0	1	1	0.02975782	1
711	1	1	0.808104816	0	0	0.096625763	1
712	0	1	0	0	0	0.051822149	0
713	1	1	1.616209632	1	0	0.10149724	0
714	0	3	0.976459986	0	0	0.018510169	0
715	0	2	1.750893768	0	0	0.02537431	0
716	0	3	0.639749646	0	0	0.014931806	0
717	1	1	1.279499292	0	0	0.444099224	1
718	1	2	0.909117918	0	0	0.020494635	0
719	0	3	0	0	0	0.030253985	2
720	0	3	1.111144122	0	0	0.015175789	0
721	1	2	0.202026204	0	1	0.06441171	0
722	0	3	0.572407578	1	0	0.013768881	0
723	0	2	1.144815156	0	0	0.02537431	0
724	0	2	1.6835517	0	0	0.02537431	0
725	1	1	0.909117918	1	0	0.103644297	0
726	0	3	0.67342068	0	0	0.016908074	0
727	1	2	1.01013102	3	0	0.04098927	0
728	1	3	0	0	0	0.015102594	2
729	0	2	0.84177585	1	0	0.05074862	0
730	0	3	0.84177585	1	0	0.01546857	0
731	1	1	0.976459986	0	0	0.412503328	0
732	0	3	0.370381374	0	0	0.036670758	1
733	0	2	0	0	0	0	0
734	0	2	0.774433782	0	0	0.02537431	0
735	0	2	0.774433782	0	0	0.02537431	0
736	0	3	0.959624469	0	0	0.031425107	0
737	0	3	1.616209632	1	3	0.067095532	0
738	1	1	1.17848619	0	0	1	1
739	0	3	0	0	0	0.015411575	0
740	0	3	0	0	0	0.015411575	0
741	1	1	0	0	0	0.0585561	0
742	0	1	1.212157224	1	0	0.15390495	0
743	1	1	0.707091714	2	2	0.512121894	1
744	0	3	0.808104816	1	0	0.031425107	0
745	1	3	1.043802054	0	0	0.01546857	0
746	0	1	2.35697238	1	1	0.138582771	0
747	0	3	0.538736544	1	1	0.039525368	0
748	1	2	1.01013102	0	0	0.02537431	0
749	0	1	0.639749646	1	0	0.103644297	0
750	0	3	1.043802054	0	0	0.015126993	2
751	1	2	0.134684136	1	1	0.04489301	0
752	1	3	0.202026204	0	1	0.024349578	0
753	0	3	1.111144122	0	0	0.018542765	0
754	0	3	0.774433782	0	0	0.015411575	0
755	1	2	1.616209632	1	2	0.126871551	0
756	1	2	0.022559593	1	1	0.028302115	0
757	0	3	0.942788952	0	0	0.015216388	0
758	0	2	0.606078612	0	0	0.022446505	0
759	0	3	1.144815156	0	0	0.015712554	0
760	1	1	1.111144122	0	0	0.168836756	0
761	0	3	0	0	0	0.028302115	0
762	0	3	1.380512394	0	0	0.013907074	0
763	1	3	0.67342068	0	0	0.014110459	1
764	1	1	1.212157224	1	2	0.234224401	0
765	0	3	0.538736544	0	0	0.015175789	0
766	1	1	1.717222734	1	0	0.152164468	0
767	0	1	0	0	0	0.077294052	1
768	0	3	1.026966537	0	0	0.015126993	2
769	0	3	0	1	0	0.047137661	2
770	0	3	1.077473088	0	0	0.016322513	0
771	0	3	0.808104816	0	0	0.018542765	0
772	0	3	1.616209632	0	0	0.015330377	0
773	0	2	1.919248938	0	0	0.020494635	0
774	0	3	0	0	0	0.014102261	1
775	1	2	1.818235836	1	3	0.04489301	0
776	0	3	0.606078612	0	0	0.015126993	0
777	0	3	0	0	0	0.015126993	2
778	1	3	0.16835517	0	0	0.024349578	0
779	0	3	0	0	0	0.015102594	2
780	1	1	1.447854462	0	1	0.412503328	0
781	1	3	0.437723442	0	0	0.014110459	1
782	1	1	0.572407578	1	0	0.11125659	0
783	0	1	0.976459986	0	0	0.0585561	0
784	0	3	0	1	2	0.045771352	0
785	0	3	0.84177585	0	0	0.013760684	0
786	0	3	0.84177585	0	0	0.014151058	0
787	1	3	0.606078612	0	0	0.014630827	0
788	0	3	0.269368272	4	1	0.056848214	2
789	1	3	0.033671034	1	2	0.040159725	0
790	0	1	1.548867564	0	0	0.154588105	1
791	0	3	0	0	0	0.015126993	2
792	0	2	0.538736544	0	0	0.05074862	0
793	0	3	0	8	2	0.135752559	0
794	0	1	0	0	0	0.059914211	1
795	0	3	0.84177585	0	0	0.015411575	0
796	0	2	1.313170326	0	0	0.02537431	0
797	1	1	1.649880666	0	0	0.050610428	0
798	1	3	1.043802054	0	0	0.016948673	0
799	0	3	1.01013102	0	0	0.014110459	1
800	0	3	1.01013102	1	1	0.047137661	0
801	0	2	1.144815156	0	0	0.02537431	0
802	1	2	1.043802054	1	1	0.051236588	0
803	1	1	0.370381374	1	2	0.234224401	0
804	1	3	0.014141834	0	1	0.016623491	1
805	1	3	0.909117918	0	0	0.013614293	0
806	0	3	1.043802054	0	0	0.015175789	0
807	0	1	1.313170326	0	0	0	0
808	0	3	0.606078612	0	0	0.015175789	0
809	0	2	1.313170326	0	0	0.02537431	0
810	1	1	1.111144122	1	0	0.103644297	0
811	0	3	0.875446884	0	0	0.015395375	0
812	0	3	1.313170326	0	0	0.047137661	0
813	0	2	1.17848619	0	0	0.020494635	0
814	0	3	0.202026204	4	2	0.061044735	0
815	0	3	1.026966537	0	0	0.015712554	0
816	0	1	0	0	0	0	0
817	0	3	0.774433782	0	0	0.01546857	0
818	0	2	1.043802054	1	1	0.072227388	1
819	0	3	1.447854462	0	0	0.012589562	0
820	0	3	0.33671034	3	2	0.054457173	0
821	1	1	1.750893768	1	1	0.182499846	0
822	1	3	0.909117918	0	0	0.016908074	0
823	0	1	1.279499292	0	0	0	0
824	1	3	0.909117918	0	1	0.024349578	0
825	0	3	0.067342068	4	1	0.077464841	0
826	0	3	0	0	0	0.013565497	2
827	0	3	0	0	0	0.110272458	0
828	1	2	0.033671034	0	2	0.072227388	1
829	1	3	0	0	0	0.015126993	2
830	1	1	2.087604108	0	0	0.156149601	0
831	1	3	0.50506551	1	0	0.028212719	1
832	1	2	0.027946958	1	1	0.036597563	0
833	0	3	0	0	0	0.014110459	1
834	0	3	0.774433782	0	0	0.015330377	0
835	0	3	0.606078612	0	0	0.016200521	0
836	1	1	1.313170326	1	1	0.162314192	1
837	0	3	0.707091714	0	0	0.016908074	0
838	0	3	0	0	0	0.015712554	0
839	1	3	1.077473088	0	0	0.110272458	0
840	1	1	0	0	0	0.057970539	1
841	0	3	0.67342068	0	0	0.01546857	0
842	0	2	0.538736544	0	0	0.020494635	0
843	1	1	1.01013102	0	0	0.06050797	1
844	0	3	1.161650673	0	0	0.012565163	1
845	0	3	0.572407578	0	0	0.016908074	0
846	0	3	1.414183428	0	0	0.014736619	0
847	0	3	0	8	2	0.135752559	0
848	0	3	1.17848619	0	0	0.015411575	1
849	0	2	0.942788952	0	1	0.06441171	0
850	1	1	0	1	0	0.173919816	1
851	0	3	0.134684136	4	2	0.061044735	0
852	0	3	2.491656516	0	0	0.015175789	0
853	0	3	0.303039306	1	1	0.02975782	1
854	1	1	0.538736544	0	1	0.076903678	0
855	0	2	1.481525496	1	0	0.05074862	0
856	1	3	0.606078612	0	1	0.018249985	0
857	1	1	1.51519653	1	1	0.321798367	0
858	1	1	1.717222734	0	0	0.051822149	0
859	1	3	0.808104816	0	3	0.037589698	1
860	0	3	0	0	0	0.014110459	1
861	0	3	1.380512394	2	0	0.027537568	0
862	0	2	0.707091714	1	0	0.022446505	0
863	1	1	1.616209632	0	0	0.050610428	0
864	0	3	0	8	2	0.135752559	0
865	0	2	0.808104816	0	0	0.02537431	0
866	1	2	1.414183428	0	0	0.02537431	0
867	1	2	0.909117918	1	0	0.0270496	1
868	0	1	1.043802054	0	0	0.098561238	0
869	0	3	0	0	0	0.018542765	0
870	1	3	0.134684136	1	1	0.021730754	0
871	0	3	0.875446884	0	0	0.015411575	0
872	1	1	1.582538598	1	1	0.102578967	0
873	0	1	1.111144122	0	0	0.00975935	0
874	0	3	1.582538598	0	0	0.01756683	0
875	1	2	0.942788952	1	0	0.04684488	1
876	1	3	0.50506551	0	0	0.014102261	1
877	0	3	0.67342068	0	0	0.019217722	0
878	0	3	0.639749646	0	0	0.015411575	0
879	0	3	0	0	0	0.015411575	0
880	1	1	1.885577904	0	1	0.162314192	1
881	1	2	0.84177585	0	1	0.05074862	0
882	0	3	1.111144122	0	0	0.015411575	0
883	0	3	0.740762748	0	0	0.020527231	0
884	0	2	0.942788952	0	0	0.020494635	0
885	0	3	0.84177585	0	0	0.013760684	0
886	0	3	1.313170326	0	5	0.056848214	2
887	0	2	0.909117918	0	0	0.02537431	0
888	1	1	0.639749646	0	0	0.0585561	0
889	0	3	0	1	2	0.045771352	0
890	1	1	0.875446884	0	0	0.0585561	1
891	0	3	1.077473088	0	0	0.015126993	2